Automated update on Sun Oct 26 22:37:38 UTC 2025
Automated update on Mon Oct 27 04:01:56 UTC 2025
Automated update on Tue Oct 28 03:51:00 UTC 2025
Automated update on Wed Oct 29 03:57:36 UTC 2025
Automated update on Thu Oct 30 03:52:25 UTC 2025
Automated update on Fri Oct 31 03:53:00 UTC 2025
Automated update on Sat Nov  1 03:52:15 UTC 2025
Automated update on Sun Nov  2 03:55:37 UTC 2025
Automated update on Mon Nov  3 04:00:11 UTC 2025
Automated update on Tue Nov  4 03:51:27 UTC 2025
Automated update on Wed Nov  5 03:54:05 UTC 2025
Automated update on Thu Nov  6 03:57:04 UTC 2025
Automated update on Fri Nov  7 03:52:37 UTC 2025
Automated update on Sat Nov  8 03:47:27 UTC 2025
Automated update on Sun Nov  9 03:53:54 UTC 2025
Automated update on Mon Nov 10 04:00:01 UTC 2025
Automated update on Tue Nov 11 03:55:24 UTC 2025
Automated update on Wed Nov 12 03:54:28 UTC 2025
Automated update on Thu Nov 13 03:57:14 UTC 2025
Automated update on Fri Nov 14 03:55:25 UTC 2025
Automated update on Sat Nov 15 03:49:36 UTC 2025
Automated update on Sun Nov 16 03:58:56 UTC 2025
Automated update on Mon Nov 17 03:58:30 UTC 2025
Automated update on Tue Nov 18 03:54:11 UTC 2025
Automated update on Wed Nov 19 03:54:10 UTC 2025
Automated update on Thu Nov 20 03:52:45 UTC 2025
Automated update on Fri Nov 21 03:52:36 UTC 2025
Automated update on Sat Nov 22 03:48:27 UTC 2025
Automated update on Sun Nov 23 04:07:12 UTC 2025
Automated update on Mon Nov 24 04:06:56 UTC 2025
Automated update on Tue Nov 25 03:58:10 UTC 2025
Automated update on Wed Nov 26 03:57:25 UTC 2025
Automated update on Thu Nov 27 03:54:35 UTC 2025
Automated update on Fri Nov 28 03:54:09 UTC 2025
Automated update on Sat Nov 29 03:53:26 UTC 2025
Automated update on Sun Nov 30 04:07:27 UTC 2025
